{
    "Pixel2HU": {
        "Head": [
            [
                0.003344541,
                0.016523113,
                0.032059908,
                0.017793097,
                0.019030209,
                0.003210866,
                0.021447476,
                0.024057644,
                0.025414808,
                0.03504436
            ],
            [
                -1000.0,
                -200.0,
                725.0,
                -100.0,
                -47.0,
                -1000.0,
                115.0,
                237.0,
                365.0,
                987.0
            ]
        ],
        "Head_HighQuality": [
            [
                0.003359413,
                0.016435556,
                0.032054878,
                0.018035561,
                0.018864165,
                0.003220877,
                0.021545409,
                0.024147789,
                0.025297604,
                0.034869151
            ],
            [
                -1000.0,
                -200.0,
                725.0,
                -100.0,
                -47.0,
                -1000.0,
                115.0,
                237.0,
                365.0,
                987.0
            ]
        ],
        "ImageGently": [
            [
                0.003410878,
                0.016809079,
                0.034991637,
                0.018362872,
                0.019364676,
                0.003335908,
                0.022442106,
                0.025715427,
                0.026299519,
                0.036717023
            ],
            [
                -1000.0,
                -200.0,
                725.0,
                -100.0,
                -47.0,
                -1000.0,
                115.0,
                237.0,
                365.0,
                987.0
            ]
        ],
        "Pelvis": [
            [
                0.00174584,
                0.007878013,
                0.014819178,
                0.008685477,
                0.009145296,
                0.00175314,
                0.010259781,
                0.011345081,
                0.012026931,
                0.016386186
            ],
            [
                -1000.0,
                -200.0,
                725.0,
                -100.0,
                -47.0,
                -1000.0,
                115.0,
                237.0,
                365.0,
                987.0
            ]
        ],
        "PelvisLarge": [
            [
                0.001804381,
                0.007777956,
                0.014148162,
                0.008537761,
                0.008957485,
                0.001811975,
                0.010152609,
                0.011013138,
                0.011822085,
                0.015867292
            ],
            [
                -1000.0,
                -200.0,
                725.0,
                -100.0,
                -47.0,
                -1000.0,
                115.0,
                237.0,
                365.0,
                987.0
            ]
        ],
        "Spotlight": [
            [
                0.003724063,
                0.015885526,
                0.028827718,
                0.017320682,
                0.018177569,
                0.003691753,
                0.020517002,
                0.022419525,
                0.023968239,
                0.032289631
            ],
            [
                -1000.0,
                -200.0,
                725.0,
                -100.0,
                -47.0,
                -1000.0,
                115.0,
                237.0,
                365.0,
                987.0
            ]
        ],
        "Thorax": [
            [
                0.00174584,
                0.007878013,
                0.014819178,
                0.008685477,
                0.009145296,
                0.00175314,
                0.010259781,
                0.011345081,
                0.012026931,
                0.016386186
            ],
            [
                -1000.0,
                -200.0,
                725.0,
                -100.0,
                -47.0,
                -1000.0,
                115.0,
                237.0,
                365.0,
                987.0
            ]
        ]
    }
}
